amount_pattern,frequency,merchant_risk,time_of_day_score,label
56.91168384129572,5.584518689508577,2,0.8841450737133036,0.0
66.43236287002317,7.516153979976498,1,0.1531324043775236,0.0
56.60874152366775,4.917052158702193,1,0.3220172421923563,0.0
23.93685536791278,7.347295376830704,1,0.9279693195160548,0.0
68.10711733346236,0.0,2,0.9198577998286604,0.0
58.92749144728023,1.652968746276994,1,0.963700685907931,0.0
39.2609352927943,10.1343283911878,1,0.6999404812707226,0.0
61.62236208392706,1.2994433068460056,3,0.7101077891395438,1.0
57.29144792372151,4.1200856929243495,1,0.252237697223585,0.0
55.88264993311052,7.07781060528378,1,0.7103146712793887,0.0
50.56844482631593,2.3098411957641343,1,0.2631889416072038,0.0
60.93425973224894,7.125123485572287,1,0.8420325931618102,0.0
35.27091825996666,0.6732306620403978,1,0.6049027256782059,0.0
46.74180104013895,0.0,2,0.2835056803091478,0.0
40.35761374640043,0.9696430961584293,1,0.1485516451166109,0.0
61.97692425269256,0.0,1,0.1243693386886878,0.0
50.79444214963318,4.904421875618684,1,0.1530930556237263,0.0
44.15086498069823,4.004182001196349,2,0.9161457305298456,0.0
34.36183075286316,5.94283277433295,1,0.3687576859935133,0.0
44.85615518762258,1.850316589740688,1,0.5669595468352621,0.0
50.16284361036687,12.586272114296923,1,0.1470186596387777,0.0
44.48794189401259,4.671137515017407,1,0.8967113091031558,0.0
75.88127628796414,4.820247833888621,2,0.992002109452133,0.0
70.13448630611589,6.324980407836019,1,0.5147490275156694,0.0
1.0,4.2272007389861885,2,0.9499885600368956,0.0
12.219735080646544,3.0634376481225982,2,0.9701136625145927,0.0
46.50455815889677,5.215395630035964,1,0.6756551687211889,0.0
41.55619176847293,7.714332740260723,1,0.1429325326134809,0.0
54.27285994997222,6.955277156267128,1,0.6601249582783056,0.0
54.34643862045127,7.7842410616116595,1,0.1824297694255304,0.0
92.35677510102096,3.266657905327753,1,0.8952110001764462,0.0
27.75958474615437,2.6350948647513337,2,0.8916417348000365,0.0
42.44789985746004,10.973501219003976,2,0.1805464910078101,0.0
90.8554321498466,4.244330704394298,1,0.3537231622494197,0.0
62.93405992403694,6.397081237858804,1,0.6835251509075145,0.0
63.26126744752524,7.177765516626941,1,0.2400849932650752,0.0
39.71987256625074,9.225507055907045,2,0.8426929876747188,0.0
17.03849658288695,0.9103152995453812,1,0.5074519866192873,0.0
53.34929488445482,3.523792312282394,1,0.6471583160880261,0.0
52.18028175643095,3.664120084954216,1,0.455021552701576,0.0
25.45295891510852,4.06075793726235,1,0.8081875903544601,0.0
36.33546676438876,0.0,3,0.7914361578902037,1.0
48.55912640545545,4.6772117153095625,1,0.8042378766844865,0.0
31.10496753878445,0.0,2,0.3651652718958724,0.0
48.03460064295565,5.861280193694633,1,0.3576804118279693,0.0
51.90966054938909,6.580543145811129,1,0.2426460584093469,0.0
50.71172474110971,6.762267020216273,1,0.8995208590171605,0.0
39.8741668337137,1.354755008463667,2,0.1174960720252522,0.0
61.87496143571646,7.835143455067616,1,0.3553229724357469,0.0
67.82333908564657,2.378278192551068,1,0.0340966532694543,0.0
56.41696609133128,1.2895185424598197,3,0.6558326165671662,1.0
33.63539545219386,2.030513080159708,2,0.959704573815436,0.0
64.63304567570881,2.42888521551724,1,0.535738467449102,0.0
39.97119963065895,5.490528315033427,1,0.0348565498696192,0.0
67.5832123657597,7.448032112164805,1,0.3526742600511262,0.0
28.56425166245112,0.0,1,0.6617173734036776,0.0
68.28934406257562,3.352168887012431,1,0.1614675232629825,0.0
49.59873090769039,7.681914953877005,1,0.5197121735457872,0.0
25.02502219331169,5.58858482829214,1,0.3376557883933568,0.0
43.72201056066304,6.505319868400859,1,0.0449962796988543,0.0
51.08204557543088,0.4859870912495587,1,0.7832399072954109,0.0
55.45582678328908,7.84621223941132,2,0.2899752495294391,0.0
30.356237501180445,0.2931674765054808,3,0.1812937250664439,0.0
27.852539056696138,5.570214392087453,1,0.6574280714254463,0.0
53.991690656941614,9.08377217266398,1,0.4400644591684004,0.0
40.66500766240396,10.638051169540894,2,0.3245048187798456,0.0
54.7101122346045,6.534609650138934,2,0.1028207830295079,0.0
65.19039044956759,7.642907605874876,1,0.9876947376557084,0.0
17.024252672981028,3.181005097484729,1,0.5933871710951234,0.0
55.08776233035235,3.5556676032922465,1,0.443296832092249,0.0
74.49293935071465,8.508270114162716,1,0.5868687191075178,0.0
44.04946311259054,5.004819147417392,1,0.453314804225376,0.0
33.783708335248605,4.618058528417008,1,0.7892678009461863,0.0
65.04487654359185,0.7683256994387841,2,0.866126467625619,0.0
55.06893032416283,5.451772933684224,1,0.302125317801908,0.0
67.91766141555121,6.937590221247914,1,0.9306283022390598,0.0
43.09568579897441,2.6174915742786657,1,0.2952319883410219,0.0
20.36363452555577,3.4787605326537983,1,0.6361245354362794,0.0
47.79978470577498,9.74136978806268,1,0.9431710141917132,0.0
41.08343693977535,5.5347984474465886,1,0.6975722156267917,0.0
65.50647644095149,4.134219063244993,3,0.0537800377932241,0.0
53.87265696754308,1.5890516319819872,2,0.6217509280759834,0.0
17.383015351297978,3.1412629061568595,2,0.8560950824105203,0.0
26.096738397936004,4.250011246875469,3,0.0525816180445954,0.0
67.6757807317451,9.107383553641151,3,0.2007623652999489,0.0
63.59530034835693,3.1685159054532592,1,0.4101034939445396,0.0
37.19513268183022,10.383007302398164,2,0.3895477103995718,0.0
49.97902406865439,2.213936549147414,1,0.980737881660108,0.0
58.91147107552372,3.92723958552184,1,0.0858394690487681,0.0
59.36808671694556,7.530630943732754,3,0.1769934947805196,0.0
67.524843922287,4.27941520659475,1,0.6332099416373053,0.0
55.12971254443124,2.5092138727981803,1,0.1122251248701656,0.0
48.10343322063004,4.604469765554977,2,0.6176041322847631,0.0
44.82303870424309,6.3461374802868,1,0.631009444277022,0.0
71.11485601066502,0.0,1,0.5521792449310217,0.0
4.9829144984292455,4.254390962753989,1,0.4219330543777089,0.0
47.22689349817325,4.671990126645063,1,0.4688673168649789,0.0
50.6600020796812,3.788756720223002,3,0.3703050703474619,1.0
21.493020782596247,7.206068199136971,2,0.3874850378822095,0.0
56.656272262760936,3.294343491452376,1,0.3479789844396158,0.0
36.97437975113212,3.906455454240996,1,0.3059189782878799,0.0
67.24889592631493,5.1129277620875815,1,0.1724539557475153,0.0
47.488158319313456,7.18654728294638,1,0.5622395210157518,0.0
63.383064815789055,4.336512147056869,1,0.6064673032975222,0.0
74.37687210342446,9.549791812705273,1,0.5450361405853635,0.0
57.65859165426945,2.2768450999288152,1,0.5080541627904619,0.0
32.485577131543096,8.859543057002256,1,0.8109065812067465,0.0
19.713627365907232,2.426535346668006,1,0.912984780874328,0.0
85.06768235032746,4.510800554072377,1,0.0623940902494647,0.0
47.77415613624961,6.092138556102647,1,0.4053585835436714,0.0
36.22870104731357,11.16451958377911,2,0.4702342654072243,0.0
52.8851417612165,7.687478439959282,1,0.0989895256344383,0.0
46.17177339034701,3.782411451329169,1,0.3329422678595225,0.0
67.04284528425376,8.897357346775163,2,0.4177399825672238,0.0
50.678563648742006,4.35888528531888,3,0.0405421071775401,0.0
50.27499167236839,2.625662431101057,2,0.432598683845726,0.0
35.70840557934072,6.346054075360048,1,0.1019778423785265,0.0
59.39136197494987,5.283412544099891,1,0.405697268029329,0.0
29.32266555290035,7.860999101789706,1,0.1989959852407393,0.0
63.31778879527934,3.35078490755806,1,0.1017426369298778,0.0
80.47875025980264,6.144510492982775,1,0.0641453256310438,0.0
19.506279238016965,6.903647998504306,1,0.5146914993733146,0.0
1.0,5.83413667865204,2,0.0029436462960327,0.0
62.33757510308639,4.913049403725926,1,0.3972314453993447,0.0
100.95795630966252,2.907144877726997,1,0.0603402546880796,0.0
29.98150302256213,7.711255374066162,1,0.6885300860953525,0.0
24.98608482396024,5.4116735009373,1,0.6492587923306573,0.0
61.77937867560947,6.488911917526571,2,0.1534919754584059,0.0
33.18556819883384,3.947665277418224,1,0.3637796473777184,0.0
39.87949032126527,5.039035072226456,1,0.7238740754382852,0.0
43.037650666324446,1.8883160248858448,2,0.1280319556986398,0.0
60.64004172583597,5.256575885407406,1,0.8128231648965567,0.0
41.89395277213762,7.295630970962934,1,0.661485263191831,0.0
55.5576568016032,5.278979858239496,3,0.9413380476842622,1.0
46.469334822128495,7.5781784315547345,2,0.6018492981573823,0.0
33.10657792696794,5.938731446368016,1,0.0445902509263321,0.0
43.60347484513558,9.091569890057954,2,0.409124444921672,0.0
30.992006696641628,4.429851103541592,1,0.6886117898087819,0.0
50.130299717394976,0.0841093203412706,2,0.4691657950373045,0.0
27.522675448687263,6.29746468725671,1,0.3717486040287852,0.0
28.14211261409514,4.504431536367313,1,0.2505924859984356,0.0
79.13923630610512,2.0771198531520207,1,0.6898879593102651,0.0
48.93631559389317,6.953796073768295,1,0.1555881240222396,0.0
48.92195949055914,5.7929874177639125,3,0.7635421211835335,1.0
60.23072839835238,6.336015805803859,1,0.280977482261397,0.0
41.58285994902258,4.002872147639926,1,0.577472027191234,0.0
45.42929265043684,5.591141492743265,1,0.9217754151351226,0.0
58.50297470663818,5.763017132466275,3,0.5931649067290381,1.0
55.64831684488803,10.3239653196251,1,0.8689594774816964,0.0
26.814065461351404,2.948120706623945,3,0.0893756936925884,0.0
66.66685193339323,4.968517401327812,2,0.5103121192969601,0.0
38.19130113421914,6.09157943680894,2,0.6543576980211803,0.0
28.878420993716283,0.0,2,0.162342821302332,0.0
31.990498600018967,0.191094897715419,3,0.6961494560836059,1.0
42.189093112893545,11.497455112483433,3,0.6592202247176523,1.0
82.54600509246134,0.0,1,0.4589126607363889,0.0
26.48928190158439,6.724787433965777,2,0.7942115492192897,0.0
53.20151785068681,2.455323781806284,1,0.003199537400046,0.0
7.243512838188451,2.710519691746606,3,0.928440515213488,1.0
49.96866133709606,0.0,1,0.0909687337918507,0.0
67.99132834952015,2.2977842830239577,1,0.7702590598396649,0.0
45.266733558770895,7.353135846511046,1,0.1562516212076992,0.0
37.41290152233316,0.8337714772504619,2,0.0117843303477425,0.0
54.63022128117076,6.786280641025348,1,0.5972891241600773,0.0
64.00303502301301,5.9398932480457525,2,0.5491985308302156,0.0
63.27315142034813,11.054906898057178,1,0.7439735337545018,0.0
89.44947707859583,3.576399250226854,2,0.8615405609098814,0.0
54.183349446725536,8.790242117608415,3,0.466055318132979,1.0
38.15179800494135,7.66660686272432,1,0.5253179180471028,0.0
47.48041620026714,4.139994748045144,1,0.5880511155909521,0.0
48.55002908760376,0.0111320331915019,1,0.3335472471302999,0.0
52.17474766956237,9.528321138759525,1,0.801002658949726,0.0
49.3994437354113,0.9068332824693748,2,0.7628449507003233,0.0
53.47931877792407,3.579752142131613,2,0.1587745769035796,0.0
16.582998787697747,7.64952962000056,2,0.6905607541838444,0.0
66.59257912080085,8.347866706379858,1,0.214488915647371,0.0
38.50521462157936,2.4636599115260336,1,0.2841481238480106,0.0
26.536826071059508,4.903994942305326,1,0.5742770187319882,0.0
62.75502319282872,4.224264673791954,1,0.4401600788869554,0.0
76.34652014772163,8.544675726747087,1,0.5778950390465654,0.0
59.86056298998885,12.513900122542754,1,0.236398247019809,0.0
53.2231862769104,0.0,1,0.7584946624080231,0.0
31.35559389256096,7.7492687299528065,1,0.111493950200568,0.0
107.43134675626996,0.0,1,0.0077208357189407,0.0
67.60517241323016,5.042199116493942,1,0.2060136306400274,0.0
27.214106593140485,1.6736464281524372,1,0.5028011774622677,0.0
34.40724167520511,10.97545637033016,1,0.8506888888481461,0.0
51.73958497143808,5.499105584903178,2,0.3398424630844097,0.0
18.90537736008028,2.789684756132637,1,0.087495067664021,0.0
53.37260814021028,3.50206143587354,1,0.986555766192252,0.0
40.81856888574482,3.2741127438733284,2,0.6824529508865177,0.0
74.52541200632434,5.564934825688064,1,0.2830754285024608,0.0
69.24309327256493,4.525554588860878,3,0.2278360249827873,0.0
1.0,6.967656721944566,2,0.15003468148599,0.0
50.83405172054625,9.620783245774073,1,0.1115562661543454,0.0
17.650650009526238,7.104236140722452,1,0.7189710713814235,0.0
72.19275998497046,1.3219908568877203,1,0.1157080665018861,0.0
53.36211738255648,0.1285795805420448,1,0.6796046309791528,0.0
60.96810904373994,2.7337414230328942,3,0.4021280479214877,1.0
28.69750542393401,8.1596457929292,1,0.6274781731105906,0.0
86.56860475991,3.994855539003953,1,0.3678044345162742,0.0
90.4014673430089,2.997281542770248,1,0.1170373989192457,0.0
28.70457914747575,5.414847673417648,2,0.000376779543783,0.0
57.45630243732633,0.753422151225756,3,0.8341296812024206,1.0
36.53395143219626,1.582016834992125,2,0.8267187926265982,0.0
49.52860126278536,6.530976275628419,2,0.1301655596521703,0.0
24.687260415508725,4.090539521275333,1,0.2752386539913387,0.0
87.34291029161237,3.640291273728448,2,0.4554080665337299,0.0
30.61640977834664,5.952905075949512,1,0.9368295464244326,0.0
44.078323700050106,3.245386390457573,1,0.3671016505099553,0.0
60.02965862221045,2.941126860311976,2,0.5580898519135339,0.0
37.04878643167743,3.6205695123989776,2,0.0081104213914865,0.0
45.21375140535396,6.807861767334797,3,0.059323985739747,0.0
38.72720307146071,5.179459807163609,2,0.7380031155235911,0.0
47.33078490327412,1.4162072459710675,1,0.5128959699620482,0.0
26.589147297993943,4.090829256412375,1,0.0656368162927402,0.0
41.24023848795399,6.94467177935392,3,0.7228404773351511,1.0
45.86214150575511,10.61225582947063,2,0.2031364422457312,0.0
43.3254799239173,1.5729380236341464,2,0.9018707614095632,0.0
51.1337990978759,6.015605882145569,1,0.9880407081382132,0.0
44.137955612865575,4.223755169553927,3,0.9495948935198784,1.0
65.06422816878762,7.476558310436762,1,0.1822195100280351,0.0
43.5360814842834,6.3486649319482,1,0.5922797865020526,0.0
47.26700807408232,9.416530723222444,1,0.8776231876952161,0.0
36.70437328008295,6.558352706823831,3,0.6254736900968225,1.0
39.46970319769526,3.364660063313278,1,0.0675890759560324,0.0
24.710144183605752,3.3842204654621355,3,0.2609365052536748,1.0
60.375698417559285,6.216650329151388,3,0.6708651192175487,1.0
27.14963964695016,6.184829568273771,1,0.3798904811545951,0.0
35.0828720362335,12.193811802756208,3,0.1634515878754359,1.0
57.18489304022409,10.028998158996783,2,0.5655292443318688,0.0
58.05146731889064,1.479264942874833,1,0.85335672271599,0.0
41.99770497989858,6.050674387320664,1,0.6804172173888218,0.0
9.614683790223964,1.0070334158942291,1,0.2640058517854265,0.0
58.4102657459115,0.0329693128420158,1,0.1926680205666354,0.0
55.19126917784119,7.23063800432813,2,0.1105012592568686,0.0
21.75237569056449,6.65524259913547,1,0.2748170304402223,0.0
65.40644165588992,1.884296616988971,1,0.5913625496602415,0.0
35.97800399133148,9.931060214295597,3,0.91081656207632,1.0
27.47623767693399,2.067290211499118,2,0.2686666960800681,0.0
51.914614219285134,1.496814856559991,1,0.7470281040025918,0.0
46.4305913720157,6.957854664260085,3,0.9496229651228262,1.0
54.05248001982295,5.662815637146654,1,0.366193797425507,0.0
17.88503883351123,4.5184759970935024,1,0.7740885276701231,0.0
86.24460232544746,4.798802501297108,1,0.9923599348274472,0.0
37.94682770912544,5.671402373775583,1,0.2437272388690028,0.0
19.20681383007178,4.581260042753494,2,0.5477974900858349,0.0
62.37684377134299,4.482485395156889,1,0.8752149682278184,0.0
42.903917397976464,0.0,1,0.1381448700139681,0.0
56.49716971545808,0.9741159019709986,2,0.0758133040206286,0.0
43.207831387499226,6.832848710968285,1,0.6383266683789438,0.0
48.8051927904016,2.887097328659917,1,0.5939891525517612,0.0
54.91545687477267,6.635579777335112,1,0.906578298165276,0.0
35.06694232034204,8.70639169773698,1,0.6582655442898885,0.0
63.57479191719116,3.935147520654713,1,0.9069714689574804,0.0
40.601998018409134,5.848909344029256,2,0.5221224745190275,0.0
32.606257116590555,11.229429340336065,1,0.6262047940451518,0.0
51.540648436450056,7.084806926940637,2,0.8232969732668901,0.0
58.90082556982084,10.525621492254016,2,0.41251262654796,0.0
45.41841316762721,9.60022116174224,2,0.4059475931685383,0.0
32.749604258408745,7.260081048563404,2,0.6991843329844618,0.0
62.39571132617266,4.664318715728762,3,0.0604267320994861,0.0
14.793424157544464,2.4740194002933484,1,0.4620132350119723,0.0
29.382717279289345,1.6649060314329,1,0.1492970839202239,0.0
50.79045781066769,6.458986804043808,1,0.4656815048165154,0.0
22.778812033898653,6.4045501300243775,1,0.0134670191414556,0.0
50.55988528498339,4.476133375901894,1,0.0510183970435795,0.0
48.90273763963072,7.545399143259796,1,0.536388393982969,0.0
67.97479577716337,3.186388656970557,1,0.3053922393281979,0.0
31.70419296373417,8.330657204333566,1,0.7055390682618229,0.0
37.48186952716715,5.12002119435836,1,0.5592864882279562,0.0
56.66363369402,4.891020272658303,1,0.4859573174525038,0.0
1.0,4.999180109061605,1,0.8583701433323171,0.0
112.0008459782917,4.70422616964643,1,0.0493544167889244,0.0
36.02698539076462,12.464792864986162,1,0.9358299068925108,0.0
35.40329894548884,0.1654405125571907,1,0.0845266536600494,0.0
67.22255021807426,5.531667631345394,1,0.0482046549366537,0.0
49.20336317128632,8.732318568017172,2,0.9617674286956964,0.0
14.411427625928177,7.152539157717564,2,0.1621724884477942,0.0
62.53854760185224,4.093754084878189,3,0.4620096227027535,1.0
67.10755667998417,10.22036307265051,2,0.3644529130106786,0.0
41.001074530481176,1.794521426702956,2,0.2686226111982106,0.0
44.3679928341595,1.0811116108453058,1,0.5124319655104431,0.0
59.71969194518784,6.7042116887972325,2,0.8812699945491104,0.0
31.82439500171101,0.6365905963009224,1,0.42431576173784,0.0
58.76777128413817,0.0,2,0.6297212890351969,0.0
53.98597020888996,7.648659913183999,1,0.955393581696408,0.0
36.50134768448165,7.284050937861309,2,0.4497042469890406,0.0
22.15796252376311,7.196860588830351,2,0.3253482505283921,0.0
45.48788338477828,3.537586565947617,1,0.4834897400149365,0.0
32.49155483479663,5.548838383068029,1,0.7968491988537617,0.0
70.02820451360328,2.1040202652726525,1,0.688499924628667,0.0
52.88170736999847,10.20305361983797,1,0.962975038762871,0.0
65.64169045119793,7.373072754513345,1,0.3381166078949847,0.0
52.69243870688916,7.226768217110655,1,0.9361866226501284,0.0
55.25802234170061,0.0,1,0.3806661149355925,0.0
34.34002165539239,7.421906131969652,1,0.0147097345575248,0.0
63.360948531442894,9.481916065944077,1,0.6443951805948647,0.0
85.69396548614048,8.648786256942119,1,0.938062625049344,0.0
43.80624888964917,7.3673910073895,1,0.2385204668525549,0.0
38.14450944571702,4.997128492911004,2,0.8990764351902748,0.0
46.84326595619295,3.974501458234871,2,0.840875708159621,0.0
40.37439432797753,6.804925056856646,1,0.3190561714951616,0.0
35.9704140269292,6.1483080673920885,3,0.7838023570358867,1.0
52.76387287936333,5.709123591157555,2,0.3253127770916976,0.0
44.18164933899819,4.072325759632953,2,0.626623777840479,0.0
78.77747187685317,10.043769583776298,1,0.4999209781917535,0.0
50.00403285910249,1.4964701234120454,1,0.2070485590793764,0.0
56.478239552628565,4.932102632563749,1,0.4298706776741199,0.0
69.04043735999603,3.259457381632112,2,0.4008442530521944,0.0
43.98488294990914,8.096129144272576,1,0.0793860875522738,0.0
78.73473080177877,9.291444521882845,2,0.8789597959373368,0.0
37.34611574959775,8.732266522430805,1,0.2957190579773816,0.0
33.8334459622775,7.2662215452754815,1,0.3222527406874543,0.0
42.67465962299496,0.7921940705599759,1,0.9537524218897822,0.0
47.70565216065727,11.243698122638984,1,0.3975478202448212,0.0
21.973635998018967,6.550088268723947,1,0.3956564716829931,0.0
49.29810431742307,4.6746102650095525,1,0.8413761009090188,0.0
16.65026819121158,5.064501788344172,1,0.3454709765613912,0.0
77.84276801090996,3.981442599045195,1,0.9530615138690972,0.0
48.38006097184612,6.271641718171439,1,0.4760561414970066,0.0
37.16084550608052,5.930503424331812,1,0.3783757029324619,0.0
31.83323763432855,3.919699862999892,3,0.3186624913919835,1.0
42.31139051583607,0.0,1,0.3102674809617397,0.0
45.53841063139147,4.894635994856083,2,0.9748663157172384,0.0
29.10978068777279,6.430507868718505,1,0.4875944898956392,0.0
31.60409812354331,6.578503534676977,1,0.0671753223090636,0.0
46.25649989876927,4.539604997672938,1,0.0778844286610215,0.0
39.58432504408718,6.359944308390222,2,0.7790505099511216,0.0
68.78426207356642,8.084956821310925,1,0.8987728495583549,0.0
72.7574074849105,3.5892491523084,1,0.9598272398828156,0.0
50.32042407199779,9.398837136255883,1,0.0721938513714257,0.0
59.47199144109055,0.0,1,0.2522187367307998,0.0
23.2962325274976,1.216854398842789,2,0.8293373270005031,0.0
62.7483541886523,2.284565148873745,1,0.823164068875351,0.0
49.38833060973473,0.0,2,0.8241548544641216,0.0
59.69336631901675,2.0007121369016403,1,0.1721168926794182,0.0
82.00712263187319,8.745115926909145,1,0.7631539558192966,0.0
4.382844873112717,8.72458719575775,1,0.7399952386736539,0.0
55.21896358106857,5.292075388178615,2,0.9041605805372264,0.0
28.01761873664274,10.16300590021392,1,0.4458217289327378,0.0
61.84393382808976,5.718470659838584,1,0.6489780362632892,0.0
23.73373125143068,3.506564130151239,2,0.2013475648270648,0.0
40.09200865992013,5.724892308148449,1,0.7443756164173957,0.0
54.05467511520747,4.588560168908295,1,0.0167396116284476,0.0
62.27018772870744,7.207800381499995,1,0.8573268392282832,0.0
51.49588178673144,0.4908480807397986,2,0.6734087743835281,0.0
34.14338122024377,7.998244829993688,1,0.3139616014133347,0.0
38.92935564569184,3.621419806434441,1,0.1998689778605668,0.0
67.69005782498758,7.565969049530773,1,0.471898848207234,0.0
49.89000768626923,0.3768793944608424,3,0.7414945241972167,1.0
16.323712063178853,3.742224033643135,1,0.9277437549735172,0.0
66.87325416539383,5.234189661050647,2,0.963848396707712,0.0
58.32496959426948,7.704357886853493,2,0.5405515801005358,0.0
67.46831090503893,1.347406792484426,2,0.2976589969561701,0.0
43.26745067246637,10.00233276772627,2,0.1245227184671975,0.0
66.5631303685322,6.447990425010546,1,0.72797693986176,0.0
28.778701599966503,3.4226737447906785,2,0.5957422688107399,0.0
61.39999621730919,8.651906102564242,1,0.2192458298268514,0.0
40.19239380743886,5.308133069067889,1,0.5352710382292845,0.0
63.48703409840293,8.474890942133689,1,0.3931430894054757,0.0
70.1128823283278,11.969443426240316,1,0.7941214516773568,0.0
35.28019695982941,7.30558513297574,1,0.0841189025502868,0.0
48.975410410025134,3.419961609289896,3,0.1914200849215601,0.0
50.77909252911998,3.722877693826555,2,0.1801497461003895,0.0
73.79329635681253,6.747663039135398,2,0.4802422845777224,0.0
64.21116182739563,5.863716251281273,1,0.3288859583636561,0.0
25.614449119790823,2.500910109341029,1,0.5925849107716346,0.0
59.15216521417115,2.9956714531220627,1,0.4858081534111649,0.0
64.90178418758278,6.99734608784658,1,0.341949798637866,0.0
92.47611791855486,12.040095112583897,3,0.685005136474023,1.0
16.41701806491617,0.0,1,0.5729194668151868,0.0
39.27295400132018,7.1717484134681655,2,0.125136999131761,0.0
76.6674237617467,4.366858450934976,2,0.3767293310563495,0.0
22.898594027866142,7.33809414122056,1,0.6051134651189777,0.0
26.01078832150548,7.60316413419582,3,0.6221831305477327,1.0
60.34164390760596,5.158514255115644,1,0.4595955942335518,0.0
70.36817321757567,1.9520793589334149,2,0.1865238175866085,0.0
36.62639025248892,0.8088443194910173,1,0.8296427029360385,0.0
60.80254344584123,0.0,1,0.5272770425417767,0.0
52.33910538859894,8.667036800704748,2,0.6399471536026177,0.0
80.37498068037468,4.370892902729015,2,0.8653670293579092,0.0
49.96963120582527,3.3791750979243327,1,0.0459198818955655,0.0
69.80494623936133,4.166841767520819,1,0.1203484935363097,0.0
31.93764281371469,0.9815968448102836,2,0.7305334372171325,0.0
46.30242301075957,5.91384373856318,2,0.1022538031015628,0.0
48.06591092476362,8.956104488131388,1,0.0052975996247555,0.0
72.7821589497045,8.415381892312888,2,0.9776680483870748,0.0
61.592260790409135,0.3026027863168403,3,0.0467950489014082,0.0
34.96493737412861,9.090535651426856,1,0.8606952505477922,0.0
63.63935527359871,2.7072893158209936,2,0.9805012086622972,0.0
65.4126255285523,0.0,3,0.390219118228752,1.0
47.76708555361107,1.3115832937681566,1,0.6208502393227161,0.0
44.84675369936382,2.1004576662648384,2,0.1135888671832358,0.0
46.12393509154889,4.979156478979883,2,0.9967570285640566,0.0
16.100151880222327,1.90407358104126,1,0.8946976850395578,0.0
53.77486016249235,0.4692636176602143,1,0.2920623406908523,0.0
54.6915585845456,4.206517894606094,1,0.074361974239148,0.0
32.68942952482021,10.771711828380717,3,0.7758735334793581,1.0
64.84892499750134,2.8929473528341973,2,0.9995157093143716,0.0
22.54066128352749,6.392760546349236,1,0.1475928570374415,0.0
38.96374357214086,5.239840493688398,1,0.8940571106055746,0.0
40.49561862016896,12.974203142583722,1,0.8619071253771695,0.0
89.75019663977841,0.0,3,0.2111454491560384,0.0
18.016318734842383,8.286144941644936,2,0.183197555349947,0.0
61.25260510412524,1.155845012599659,2,0.2008423733888371,0.0
68.84246555177927,3.222754237939593,1,0.280720978231278,0.0
57.55451128079734,4.709955039819763,1,0.4207873327317154,0.0
73.63615888706778,14.55825860539412,1,0.2076104016602467,0.0
29.94524625747156,2.710984069150022,1,0.320871791851617,0.0
4.39482795375622,0.0,2,0.5734472061777176,0.0
65.33635777940528,8.892090801023677,1,0.5969854144693492,0.0
26.0834367065782,2.482291675009691,2,0.9993144961112466,0.0
43.4720024690813,4.271148938927924,1,0.1525514997679254,0.0
26.42308005150445,4.92787453116723,1,0.8968171322269103,0.0
71.04683713899061,5.290966356742677,1,0.2423065908823569,0.0
67.30300469734843,4.489584114929325,2,0.2065151825309021,0.0
35.598726761860114,5.803269307922161,1,0.8860119661176991,0.0
68.0698368921932,6.162078806707231,1,0.572004962279185,0.0
52.42554518639433,7.561768454653818,1,0.6969367373958665,0.0
47.21222338880506,3.718300592301014,1,0.897523977584852,0.0
51.14833324084732,2.753809569935289,1,0.7649799658359385,0.0
45.94501280300088,1.8093491639988384,2,0.754446323966763,0.0
62.30010527621937,6.778126700507597,1,0.3374111219513116,0.0
56.20695140886165,4.861105564411655,1,0.3178896984180053,0.0
43.01065707132356,6.659613714283498,1,0.501173647461315,0.0
70.12511491631115,6.614588725447614,1,0.3879353284662319,0.0
37.77048770472348,10.057630800063816,1,0.1913509870179872,0.0
55.738672861349045,5.622515286701108,1,0.7306430733101946,0.0
58.4431074250463,7.257113950070188,2,0.7741768460150538,0.0
79.5761411967306,1.3922305211155592,1,0.9139358213333044,0.0
39.89117273302064,1.75909497143014,2,0.6522178256772622,0.0
84.86164892620813,4.064786762586918,1,0.5133894875953481,0.0
53.52329903244849,1.3498469725566586,1,0.3589098389931033,0.0
46.12046178694854,7.068779653373443,1,0.4025354437248277,0.0
36.55054498122779,1.0008416351770384,1,0.8227530542123174,0.0
61.72586838109065,5.20514905620714,1,0.7333263922965245,0.0
50.97870488884763,0.0,1,0.1026974214041941,0.0
27.92781468144429,1.6856608297839637,1,0.5927944703073608,0.0
27.44225647482727,3.9828939911931593,1,0.8936856558871041,0.0
38.88961584398932,4.222880939404326,2,0.8444982045234292,0.0
36.47987992257664,0.0,2,0.3789456371105481,0.0
71.80604783454419,5.326007237277393,1,0.8240578907869724,0.0
77.51076595940357,7.924592086109851,1,0.8439965035767805,0.0
67.37119247735016,6.944721215712808,2,0.6197296454527124,0.0
57.15737780062127,3.024250806686275,1,0.8768345329653551,0.0
41.43523584310784,3.238109485494384,1,0.145914166227964,0.0
51.08966421840491,1.4410991549016736,2,0.937057406305842,0.0
67.69414012057092,6.889363983835875,1,0.8475292389473765,0.0
92.61944467446624,9.324976513255864,1,0.4040773731846082,0.0
68.25798410603588,3.422133573498423,2,0.7993302906265415,0.0
44.39175711410552,0.0,3,0.5030733224482142,1.0
50.76050151541776,5.600012727814695,1,0.7910662104807297,0.0
40.34910197696335,7.123308272319595,1,0.3254727221014234,0.0
34.35202848101167,0.0,2,0.6560611741909652,0.0
46.31515995564071,5.415068118896537,1,0.0698488979961843,0.0
53.91229384410232,11.493160939042522,1,0.9809386685044856,0.0
86.71803173355127,7.461942828289066,1,0.7142121376511152,0.0
51.04064939906787,6.651376402767368,1,0.9059759680177346,0.0
77.14716149926872,6.206363831975199,1,0.6580057516563411,0.0
85.34978162249475,8.18569646388398,3,0.6802513935552122,1.0
51.57615740519412,2.1764982385791622,3,0.9007728856788634,1.0
82.15597775232477,2.4639865926890208,2,0.9960818740771136,0.0
64.29870809137766,6.222707926682409,3,0.3720075897920343,1.0
41.64929410080768,2.944011966528892,1,0.2961473984048516,0.0
55.30360049697756,5.776107260644382,1,0.7517433952079304,0.0
50.45755636089861,0.0,2,0.4817295863675557,0.0
45.35321940110098,7.2738639911439,1,0.9995033981185528,0.0
46.02437534010133,7.540914236599504,2,0.5622808155658906,0.0
52.88418606945978,5.131033706291775,1,0.1084108624556785,0.0
58.68362280964433,5.493268823444284,1,0.0439609394451656,0.0
32.302362496825424,9.861953257109729,2,0.7501179875099128,0.0
49.81224676007612,1.7507161163539866,3,0.3459297602737141,1.0
19.55289956109989,2.2605300311443344,1,0.2769296085274552,0.0
55.21590998560416,1.718581118253641,1,0.6757370994097468,0.0
62.47198951562769,3.725809486233361,3,0.2413182925249379,0.0
53.27909676719614,1.966550236974887,1,0.3740589488102697,0.0
55.71706303837486,5.111145431566818,1,0.3790666167503335,0.0
61.79886207119331,3.0477895820027427,2,0.7797839081968443,0.0
36.69798311566001,0.6525526410338793,1,0.7197501425464129,0.0
45.21902281350822,0.3494667914757929,2,0.9206783129372238,0.0
60.21844087631569,8.6349713206443,1,0.2792377484538071,0.0
70.03771469458286,4.793363546139368,1,0.9961073472526646,0.0
57.89842802690505,4.317986526996307,1,0.5419978118075405,0.0
101.05718844710388,5.079708756209036,1,0.3625027264274765,0.0
48.17278855630257,4.752913652467559,3,0.9411183117264872,1.0
69.99320858709692,7.268338806747095,3,0.1771592667526775,0.0
75.33455356500166,6.686777084585703,1,0.9609075496764068,0.0
47.32460307316445,3.230876760938388,1,0.0219261810379189,0.0
33.58974235594515,2.529418828360158,1,0.1596152369082298,0.0
26.347941449456165,1.739837634316713,2,0.5410236219284826,0.0
53.24553999658342,1.2466061113652511,1,0.2705640758574288,0.0
72.20583909077658,9.206436920211033,1,0.7291979815205126,0.0
55.433367977108354,2.250382296006747,2,0.5922223677925774,0.0
53.45712150739507,0.0,1,0.2503032281323029,0.0
42.41572233974589,2.4695466144274083,1,0.4506949118350623,0.0
61.22059465587141,2.634914917064929,2,0.0152389491249703,0.0
7.283378971125558,5.989554842479399,2,0.9058641925026176,0.0
54.647465027494334,2.3420522426438617,1,0.0510771506490037,0.0
50.562526191059206,6.604259201110013,1,0.3187746718901159,0.0
22.593195068765183,6.165580923804664,1,0.906493446160361,0.0
93.51195848287723,8.800488554104868,3,0.5180160353870897,1.0
22.251735368908257,11.500979237220571,1,0.5450349779852018,0.0
28.44959006304679,13.546712375392785,2,0.6495278850206792,0.0
25.982737848943493,9.052503928648296,1,0.6994459645029049,0.0
72.20735603517375,1.520899036170119,2,0.3226159556358089,0.0
32.238302776816184,3.7874018209954032,1,0.1183689880690106,0.0
63.37312825928426,5.742938429033913,2,0.6198104917329416,0.0
61.75020305042503,11.20438251198894,1,0.4700939253623446,0.0
55.19340822096281,7.0298609977915305,1,0.6111552889066911,0.0
23.848421866861788,8.610117213808364,2,0.9565489554251436,0.0
37.75787244024359,4.478144355164597,1,0.5696480438757227,0.0
83.46229940068153,6.770853488932,3,0.196540756699003,0.0
24.18491201234763,7.154576767910692,2,0.3369938093317558,0.0
33.366900792631235,3.631074513610727,2,0.8787703268969127,0.0
46.75506954439243,7.331983890963043,2,0.2609786532194774,0.0
66.17980144074744,8.21243178117879,1,0.3049960631597719,0.0
55.03278381209738,4.524902795732553,1,0.9431770493886504,0.0
64.84088318590676,8.05443960235647,1,0.4790783587164211,0.0
28.654115340560104,9.943864130960336,1,0.6846595481514158,0.0
68.89553187832024,5.198899815430437,1,0.9334668524075788,0.0
61.38057633157644,5.000966533330166,2,0.857403718029288,0.0
18.10870889752733,4.071148114920681,1,0.0220751659859762,0.0
80.79832415814542,3.142071628922083,1,0.5011079534758528,0.0
95.84795720350516,5.468453439937012,2,0.6839860461745928,0.0
34.62845285706589,3.7645194445185006,3,0.1379182317639302,0.0
51.11305633233407,4.064058024799031,1,0.1785523870129954,0.0
77.9484516621509,2.679526177519028,1,0.775264430584093,0.0
20.37519541145596,0.3918557001270777,2,0.7381296277212435,0.0
10.202793618605,2.188267724821084,1,0.9826254178463568,0.0
24.061117556001548,5.986992289871242,1,0.05672478857114,0.0
38.65866427287866,1.450584878219539,2,0.0504916323493598,0.0
38.43115576030225,3.056078319288147,2,0.9890957275595484,0.0
62.14694347685192,9.926480380850233,2,0.7048947848948418,0.0
55.37072743926119,8.379547293431575,1,0.0976379162663055,0.0
25.07845470661873,2.919751842906111,2,0.6622569556116973,0.0
61.34759940177707,6.810138280325922,1,0.6466549941964531,0.0
87.48162683362409,3.049142166478557,2,0.6861270467187739,0.0
73.94108558140566,9.882767499792482,2,0.8295881718115148,0.0
69.82214895367085,3.24291891398733,3,0.7305496771064881,1.0
50.4035585704274,5.245150101082659,2,0.5520795230350595,0.0
69.67262789289103,9.154425848749216,2,0.3759810318474074,0.0
30.67734360060848,2.5163697215410967,1,0.198179100436036,0.0
65.02029274006105,8.913602622915956,1,0.984206169145878,0.0
48.25503161037707,2.5476459812856875,1,0.447232072539738,0.0
72.618113957589,5.7145872346110895,3,0.271266944019332,1.0
59.32021102515733,4.1131559214632,2,0.6508702694567878,0.0
28.202404285752955,4.734484890189334,1,0.6749796966982027,0.0
52.55985906947021,5.480270900086592,2,0.5947421721631754,0.0
74.36442939623572,4.7769668238244885,2,0.8777561350711153,0.0
27.41532229866401,1.947999772629192,1,0.6071992001119455,0.0
38.81720243630669,7.599739470225609,2,0.3818902417841148,0.0
34.626539832245165,7.1616179868463234,1,0.0931114700580979,0.0
20.087081191084785,8.869509572699421,1,0.1206871372677993,0.0
69.22536550539392,9.154844470487864,2,0.4937852451071219,0.0
76.21994605972054,0.9680965211743872,1,0.2610920573458406,0.0
66.00086414114053,8.856533859645705,1,0.143675143319628,0.0
54.85140630874552,8.893204021341491,1,0.830912931619557,0.0
48.95937231371085,3.403270419327211,3,0.4542667875837952,1.0
54.78760601049311,8.112213817609902,2,0.7284966939519985,0.0
35.368881658178424,9.40469351478634,1,0.8513856976782915,0.0
67.87691200903345,3.383493489483857,2,0.0540585049383388,0.0
70.9098464807677,0.8637219523296409,1,0.9562660513346144,0.0
68.65087068007814,3.921390421369973,1,0.5540801259455461,0.0
39.38103564562413,13.378121193237035,1,0.3298529147487226,0.0
51.56808683893605,5.708781358400894,1,0.4860086620167514,0.0
46.68438362041291,1.3573716447666009,1,0.2233575742389943,0.0
85.77149575934672,4.241158182779005,3,0.3322550188258053,1.0
53.59392403845122,2.0178433562100366,1,0.6095934759945512,0.0
12.358582121392068,3.8021582125499154,1,0.1934417874985552,0.0
57.97011301662147,5.285432355670504,2,0.4503599800352695,0.0
87.64532498141972,0.0,1,0.2834719266138154,0.0
63.70351432445133,6.081202344438155,1,0.7794971887695216,0.0
67.58959420092422,9.244008911094292,1,0.2400318748230032,0.0
50.72122533697807,4.407893583960491,1,0.7294470601598501,0.0
10.57221027629634,3.851915231285097,1,0.0132393839244975,0.0
13.79484491894128,8.280771337744497,1,0.4385159072666922,0.0
25.08104450528232,1.2000841218215772,1,0.4734987759415516,0.0
47.46335925920546,1.262329456674279,2,0.406168946043238,0.0
56.19996992982626,0.828391811910425,2,0.5189027103983602,0.0
63.78828304279043,4.5278661294030265,1,0.8452300910015517,0.0
43.19083914470553,6.182080932851603,1,0.5229457637404864,0.0
69.13858516822177,4.728281167820391,1,0.8171458538819233,0.0
44.40502483240756,6.649328669894283,1,0.7296668340702964,0.0
35.910209693059215,7.492241599887357,1,0.1960980413704525,0.0
67.032834308898,6.489755801814551,1,0.2983363770931467,0.0
31.711100337916537,2.574038580376214,1,0.1577054943448939,0.0
1.0,4.195736932591008,1,0.7788070150730986,0.0
28.800864821042023,8.744741585631283,2,0.0963064736583216,0.0
51.88319091005795,1.859940220329117,1,0.8564363688241255,0.0
1.0,4.23972888654218,3,0.5549408503937954,1.0
42.85723907642847,3.748178559005498,2,0.430836957458087,0.0
43.3581928247398,4.459734023117037,1,0.5628663925544286,0.0
21.470880620614416,1.7729945248042511,1,0.5377616424280137,0.0
20.34993070804385,0.951999492238068,1,0.6195796401529267,0.0
40.75076103801449,12.66789193924847,1,0.5425353416111438,0.0
39.05799660730376,7.837703255263004,1,0.306024249914103,0.0
75.19837018783274,2.862148295067878,3,0.8986153874068937,1.0
57.49726090265599,4.823105070675535,1,0.616815155645467,0.0
18.38289108988841,7.030125545879884,1,0.9954409266140332,0.0
32.90697060326515,3.969017063354947,1,0.1305664684177212,0.0
64.10283054244064,6.84957069785958,1,0.9413896798372886,0.0
87.91953537915808,3.1541459200695643,1,0.6257868077855991,0.0
57.729989874884495,3.924412550540775,2,0.6789169189102235,0.0
56.2142508931897,4.745693732475803,1,0.9412139376410446,0.0
87.21504928344012,3.6275134677287366,2,0.0624637916473289,0.0
49.54657111961968,0.0,1,0.1890294281358702,0.0
43.81798083330533,5.063456252089458,1,0.5706729312589813,0.0
21.73502435416664,5.784866047184961,3,0.2978662262765116,1.0
39.73967835544588,6.428589405484866,1,0.0164398885199489,0.0
93.57425485196306,2.018044975104946,2,0.2912488115415481,0.0
21.56517215022566,6.032742096788131,1,0.6906224920438333,0.0
50.22383413626499,5.647101760670667,1,0.6824747546512389,0.0
21.833451440953688,0.0,2,0.0243473179975725,0.0
52.56951496103515,0.0,2,0.3233772157689207,0.0
67.75294406904243,6.429411753907841,2,0.8570896250639003,0.0
45.12701360373624,2.137443991493256,3,0.6527474104669012,1.0
64.60694540598993,8.006618983529584,3,0.6191804671224441,1.0
64.41687651017676,11.4211138889926,1,0.97377324147106,0.0
58.94049632213829,3.251819282101831,1,0.3286767579782848,0.0
84.32495998831905,2.931815730768077,1,0.0832384027838331,0.0
65.5767510799611,4.964911624747231,1,0.6200275861014232,0.0
43.90080867731368,7.024240030656118,2,0.6401335363741893,0.0
36.3835290301577,1.592602359170605,2,0.5480909294992627,0.0
33.093873049913014,8.73641498782539,2,0.9544015939487656,0.0
59.51734875270024,7.973664732838735,2,0.6804865521266139,0.0
43.52556371499663,6.983319435025145,1,0.0678019738405787,0.0
104.58334078008592,3.380477059328989,1,0.6476396622361511,0.0
86.84895211236314,7.748906287532079,1,0.0664872246066922,0.0
45.709520009873536,7.571638580091448,2,0.5704321719943116,0.0
43.41737491674021,1.3970873051451642,3,0.5026659264789222,1.0
83.80353106632845,11.27055289802568,1,0.0028872992005247,0.0
12.332804373900274,4.098418001806091,1,0.1965175663336678,0.0
40.96897881389784,6.107557922646908,2,0.4185439502633219,0.0
69.01513901990744,3.42753369008182,2,0.3193685561421232,0.0
31.75804858162073,6.154690314608539,1,0.1329217208895931,0.0
40.46340053813029,8.480247252776437,2,0.6168338315513925,0.0
42.97717667810625,2.5778940260313528,2,0.943238717728384,0.0
63.21616993013127,0.0337223971125002,1,0.039104284294701,0.0
52.75053769646258,3.650043540094889,1,0.770642093358219,0.0
58.04174820576268,1.0818619612170446,1,0.3530056890674251,0.0
61.9056745036668,2.7242818182762543,1,0.2715969442479642,0.0
50.59876456354265,4.620550984308306,1,0.7938128323488172,0.0
72.21132396497343,4.807527792040204,1,0.9316915339620816,0.0
35.42082257788729,8.872186889075655,1,0.9816024369131277,0.0
21.27757008746725,1.955604946554181,1,0.9331484537746048,0.0
14.46256390375111,6.058125210582692,1,0.1245746193988084,0.0
17.57980442075084,3.477297641341329,2,0.0112939080882549,0.0
38.98968540904852,9.09517110553385,3,0.7475602706104801,1.0
70.60093786512638,12.583095487002486,3,0.7640568991220532,1.0
53.48333514743953,5.910319207505541,1,0.1490011188859666,0.0
38.02906780929274,10.022573154350251,1,0.5727014824881643,0.0
28.602888139686744,3.4093832256828964,2,0.6440931339590131,0.0
39.42228697338832,0.2017804736236588,3,0.3824474095003376,1.0
41.926672292071245,1.1888044520014982,3,0.1690773663209991,0.0
38.69801218201635,0.2627301875994305,2,0.3398999655537181,0.0
21.34911358514527,2.13575203369778,1,0.2816164289292787,0.0
40.483843577554616,4.279343887360319,1,0.0076791210226125,0.0
70.34272266758155,8.450310335683657,1,0.2757122259729295,0.0
6.507821168090558,7.09957733688857,2,0.2486359202264328,0.0
45.18782655111249,6.391291522758139,2,0.6756381518438787,0.0
7.573032903349492,3.728791790498561,2,0.6373724969914955,0.0
53.66095221155803,2.834263039336032,2,0.6756248000046686,0.0
35.0502121818339,5.099793966938589,1,0.29298127280873,0.0
8.286246638146679,5.413000190914923,1,0.594573782356606,0.0
52.01404379866849,5.7686336281015365,1,0.1204389932529523,0.0
86.34810707104782,6.114644372535317,1,0.7645327467875227,0.0
52.17783066704325,4.647158143582188,1,0.939942823405704,0.0
73.23582967564695,0.0,2,0.7650859415568515,0.0
48.56991195662182,1.654282906687902,1,0.7313715691484668,0.0
6.8481834367580845,2.523156988483075,1,0.5717709554015099,0.0
59.80966981248018,10.09019811589506,1,0.7625380508868862,0.0
41.63441386375574,3.718182584681182,1,0.4641393591113667,0.0
20.75830144654242,7.02510238917335,1,0.257575102546457,0.0
65.69673347846236,9.392715429724667,1,0.7786558664111833,0.0
55.73715130907654,6.000090953006504,1,0.5170059703423491,0.0
39.49180718563649,3.821625306066315,2,0.9251620988818609,0.0
67.36138850804193,4.120336974841294,2,0.5867070829368026,0.0
32.55856064413935,1.9328219423382056,1,0.533994533000577,0.0
62.86864677480193,5.919616682527878,2,0.0388040032213391,0.0
31.190790615134,8.384209395641529,1,0.221140534295108,0.0
60.679095234121576,6.709434234307947,1,0.7186613988532663,0.0
27.98504110901357,7.313951502387132,1,0.4388809807656246,0.0
79.78376406042223,7.153042854110268,2,0.9257056476135832,0.0
55.086150000318085,11.012069198377567,2,0.615186859144445,0.0
78.65750231986223,3.0985606882579897,1,0.2639157669577461,0.0
33.551080449603006,5.472571557521476,1,0.2450934880507677,0.0
40.47795254064944,7.116428111829869,2,0.2915311257963363,0.0
66.79329597029601,8.741798948204755,1,0.2171019367945525,0.0
1.0,0.0,2,0.5316124247090717,0.0
28.664182907054943,3.4329751984504027,2,0.0846068115191674,0.0
70.6635390456335,4.374518985683529,1,0.5784091718602687,0.0
59.30218647788749,1.9117390535409489,2,0.4289681518042565,0.0
69.57538684835616,7.541402986418739,1,0.8788343151379411,0.0
43.80478225830552,5.656968548842782,1,0.8907468797284301,0.0
61.27998763206242,3.810651102077436,1,0.2971523946037819,0.0
35.38311459566354,0.0976385130209216,1,0.1908006677512463,0.0
22.560792647552063,1.0286830280100414,1,0.4219832755495095,0.0
16.10410052566759,2.04399586714198,1,0.506328174724403,0.0
38.96580857939151,6.364436097116357,1,0.7109783252439936,0.0
39.02117155150999,1.3422172877219518,1,0.9707250807177435,0.0
37.41245204806577,0.0,1,0.8949805686934579,0.0
1.0,0.6424474440485834,1,0.3968997682447035,0.0
10.027927999269169,3.224113312534675,2,0.5490804140888205,0.0
39.3473502161309,10.019826759975816,1,0.5811396785133526,0.0
55.74033255195103,12.50579140687828,1,0.8791075936683179,0.0
38.42414749905909,3.555863387828631,3,0.105558755383498,0.0
32.462055992985924,7.831575130705064,2,0.8157310583955725,0.0
3.8305333369672567,9.203632954599511,2,0.2625821000898687,0.0
90.4299807795186,8.853625977513921,1,0.107500107434456,0.0
27.97777441066146,4.64964296580188,2,0.9801581869007052,0.0
83.66793275398189,1.0937620976945013,1,0.3472983694743665,0.0
81.21371833987094,3.535086923602956,1,0.7478456638335392,0.0
55.47858131801866,0.0,2,0.3634214901784441,0.0
38.54781189874643,5.715907061013988,1,0.2906776165045854,0.0
52.64431062364528,7.332481979208243,2,0.5433210652185734,0.0
26.93916051921289,0.0,2,0.2329467089404197,0.0
55.21460253395982,4.844542328311323,1,0.2444241497926114,0.0
50.05904295699179,5.877067056630263,1,0.0508620963129747,0.0
60.63936535896522,8.747962664915766,3,0.7146135600942009,1.0
69.00873697287564,9.135869348491006,1,0.9213557025394892,0.0
84.65676974825689,7.403821823771794,2,0.0049391371660167,0.0
42.23368330966693,2.939797798802128,2,0.2883433059584358,0.0
70.86776835518566,3.894957015600992,2,0.8698080901838249,0.0
34.16660838742199,8.612878077392573,1,0.6009611086345273,0.0
32.108701049574776,3.18228036118292,3,0.1285723646794975,0.0
37.63887129361248,4.873256262008049,1,0.2403953491724734,0.0
30.36068688420677,9.682431609141378,2,0.2074476020330385,0.0
69.60528636669316,5.383644616463304,1,0.0338475812205937,0.0
68.4648227692345,0.8764540407293646,1,0.1285958813186927,0.0
75.4462349407878,4.113230787315354,1,0.1270902542951092,0.0
49.4939934147176,6.917965894385286,1,0.5037976427016844,0.0
55.48763192174556,4.429007234647232,1,0.768247250025672,0.0
38.43146002799863,8.483936225272231,1,0.5191068701186071,0.0
26.98077504300501,8.846028675542087,1,0.6562395971013444,0.0
58.94036301063113,3.0475461691909924,2,0.8837135889312623,0.0
55.36746222633072,3.489023885893907,3,0.7808245670731921,1.0
27.859734698845543,4.687080212725932,1,0.0997593227772318,0.0
61.70664933293214,1.3947081072370184,2,0.0268519347524667,0.0
15.165453148005426,6.133454939985856,3,0.9298496661777996,1.0
46.42003031750932,4.459318630260594,1,0.2607789471225706,0.0
37.39372325768964,7.355610510530509,1,0.8632480873818676,0.0
39.41447567554411,3.1996897242059013,1,0.1744944101266712,0.0
28.33084489549599,2.360699961362265,1,0.8793302462090203,0.0
69.0498818292379,10.513350495466952,2,0.4403183439820408,0.0
61.318964240982446,2.3620216094290534,1,0.0289125951170617,0.0
73.66840533622349,3.2431318073803084,1,0.9890317328695384,0.0
52.60994697290354,2.8025372077110515,3,0.1168715186346838,0.0
24.038926916082488,4.086128778222722,1,0.0236418087236619,0.0
42.41996964110371,2.2518611788996856,1,0.8008624272421115,0.0
26.16964389252909,4.865041335035278,2,0.3261165967064418,0.0
58.93590329959862,2.8853709377254564,1,0.0316929200137269,0.0
73.97411858096508,3.749374660507144,2,0.0121385674625584,0.0
56.321807831591805,6.08845396870259,1,0.4070895425927446,0.0
37.74958172280701,7.104742468383368,1,0.105375854119849,0.0
42.33345755033157,6.400909235635174,1,0.3521693916782696,0.0
53.8090000533329,2.791800604150201,1,0.6865019747544017,0.0
20.7928521289904,6.191493205257507,1,0.9509689675529264,0.0
52.69204286519111,4.638611322151794,1,0.2934854849756927,0.0
53.66995755048743,4.681024130820743,1,0.5755475392440509,0.0
38.79514248695624,0.0,3,0.7040855421249729,1.0
41.31929465909242,7.013951642354215,1,0.7943149992989771,0.0
53.07689286169935,4.581183830239517,1,0.4936219984790373,0.0
33.234223054876225,10.11880233808449,1,0.7911589406853283,0.0
33.19074412006749,6.920305758980839,2,0.4617548400991511,0.0
65.19941728815974,1.65044790799492,2,0.7432089431913926,0.0
54.0674143907643,0.8834192928631923,2,0.6344691439265372,0.0
83.17327201630368,8.452935350720375,1,0.4645925630309526,0.0
29.840440021430123,2.3753862851112726,1,0.8703766258825952,0.0
13.980683026889842,7.053473622369013,3,0.312597817301891,1.0
68.37557768335758,4.097687348946115,1,0.3593160199082607,0.0
68.68288837582575,11.311504203756408,2,0.4827486753456478,0.0
34.7563334786355,5.240580295455462,1,0.0612250360142219,0.0
20.142859742069625,9.547319593756704,1,0.5916532212902839,0.0
48.55618817604479,9.002441513221527,2,0.0242044295789416,0.0
14.441892215805026,3.616831286647941,1,0.8663353398113628,0.0
42.62070706682497,4.021845111875122,2,0.3484932886953423,0.0
5.781755999764357,9.468536154225534,2,0.8881877051877,0.0
44.64108472863275,5.021234532459872,1,0.1493807642649662,0.0
6.972994596080426,2.417962352447573,1,0.71624829296369,0.0
44.623207971254246,8.640972057955866,1,0.5855134953816346,0.0
79.69022521021358,12.754539516376282,1,0.5668054991174719,0.0
43.986095484684185,4.929501837239664,2,0.9065448576640236,0.0
64.70477163729883,9.255237363263005,1,0.0867575888476853,0.0
36.45846510483076,4.580435229039354,1,0.9177427468321386,0.0
31.430339217871623,9.14345462866792,1,0.2804969241390942,0.0
19.29843251935937,4.365592510464976,2,0.2538249548089413,0.0
70.04616925707154,9.090888840645,1,0.6846903811960501,0.0
48.0604053883794,6.733592580590491,1,0.4131886612712611,0.0
81.64636535557817,4.559433304392574,1,0.1340955673338829,0.0
25.60362979596381,5.827613039826093,1,0.5580343537526458,0.0
44.69815198195019,3.4978535252457448,1,0.8759672619772926,0.0
50.72373576109299,1.7522310623960156,1,0.0088415666662903,0.0
77.36343397202768,1.9680833818205867,1,0.4024341209001952,0.0
85.53869302520846,4.974168208094671,1,0.1791553579684491,0.0
36.10813284900168,1.978072440742136,3,0.7086352018966858,1.0
26.39432176300824,6.480391558730234,2,0.7871031607789767,0.0
14.323090436091654,6.761752357529435,2,0.141602596831929,0.0
75.77446337449025,6.5862417165804406,3,0.8445017164340487,1.0
47.280115382263766,3.689165748201077,2,0.3122785108275705,0.0
36.05046171992586,5.355055014629815,1,0.7498669802182869,0.0
47.971199867286224,5.112675152679525,1,0.1287998260806334,0.0
1.0,9.162062266953768,2,0.4734033912116812,0.0
14.467339486316362,2.7744168747728897,1,0.649239041295116,0.0
67.67604573745419,4.044003396885368,1,0.4950066534014287,0.0
56.880651077039225,4.499195011736044,1,0.6892716676081824,0.0
51.96158986184649,4.773431601891423,3,0.7752851900829789,1.0
28.92626179151328,2.954987309836337,2,0.9283894315706523,0.0
60.706900977442615,3.3182514491302983,1,0.6490635800408276,0.0
84.51810651067983,8.255352064194694,1,0.1759501685527703,0.0
24.45463528061737,3.2922036001576336,1,0.7681127069410235,0.0
49.23673742764584,7.96169021117905,1,0.4237433273208904,0.0
40.236325432727085,11.317667017597968,1,0.6985926672318011,0.0
56.15223669578999,9.047746968641585,1,0.6892002298108775,0.0
49.21149573010329,0.0,1,0.8872912225265681,0.0
45.98760089697301,7.534013475007942,2,0.5892704824400701,0.0
31.28369306485357,6.648748148649808,2,0.2294741203878888,0.0
48.60829491625777,6.84687603812194,1,0.4062477741541459,0.0
36.63417681091021,0.3318477658189591,2,0.6206195937384177,0.0
45.99206841797137,7.4906570886642525,1,0.5708106848170152,0.0
47.64972445315541,1.942637836784586,3,0.1936271183098157,0.0
62.00591039302856,9.093671142734582,1,0.824032216762549,0.0
37.27365336881552,8.424292123745973,1,0.5794577714532373,0.0
42.45159593125258,12.855802846146592,2,0.5768013793246287,0.0
70.35933803542204,4.042294137419652,1,0.2050982457879387,0.0
44.553456087606186,0.6236688200992289,1,0.4916221968829366,0.0
43.68071558995653,8.342852327415946,1,0.2686964542861396,0.0
66.20540294815324,7.817380999736345,1,0.3353176670488188,0.0
54.37052369816557,4.044169033840444,2,0.3418876984675734,0.0
50.74485247761872,9.274702798989573,1,0.6056950274603036,0.0
53.32390970334996,7.258140625317774,2,0.3727873636982007,0.0
24.13959388254498,1.3242461417718037,2,0.8999060160301815,0.0
58.16407297981192,4.1332962987081086,1,0.7507599098712591,0.0
75.47595934407208,3.848901072831271,1,0.9806062698694245,0.0
60.598328888165646,4.857609743508814,3,0.6116400008802909,1.0
17.876458783493888,5.762530537607193,1,0.4303223165562948,0.0
54.70520595320668,3.0980464646948143,1,0.3928690888518122,0.0
30.945501631487748,4.592543064964729,1,0.0368772763332992,0.0
44.53320749275454,6.954032929571516,1,0.7042187498065502,0.0
51.67819440182077,4.962838189686574,2,0.3157529253221451,0.0
25.25938954560852,4.372300288570543,2,0.0226824501927953,0.0
75.84210880336013,4.2687093588472464,1,0.9126105342355452,0.0
47.76676682726024,4.881542579987577,3,0.2363758633618058,0.0
65.00812779881139,0.0,1,0.0934657012940052,0.0
61.86959717281691,5.663122891534677,3,0.7382360921493729,1.0
76.06713342618356,2.095412864264368,1,0.7714531340477934,0.0
73.03536748560234,5.499825690391046,1,0.7713963860397556,0.0
19.73679619430294,0.7642179691677145,1,0.6159471154181675,0.0
50.09621805928995,7.948179259972674,2,0.0262046336281953,0.0
6.551889667151549,5.892250497314414,1,0.5344485508328887,0.0
40.32446036703582,1.1271829211382984,1,0.960696137510391,0.0
63.56845372187652,5.893168831628913,2,0.4552101955437518,0.0
67.56593305601191,2.9022456203439604,1,0.2965841288519965,0.0
75.0765191642891,10.586396252726926,1,0.5573687571007563,0.0
41.764447007006176,6.655720203324022,2,0.6323099431721152,0.0
55.71928162235735,2.7926888319579577,1,0.2975807642435687,0.0
51.27347261663911,5.859467632623932,1,0.7748983341978675,0.0
74.67373623551909,5.0878419867280025,2,0.841518314734828,0.0
81.10599981374324,8.781880813407593,2,0.0242541429599622,0.0
42.16933402640861,6.260480939086294,2,0.1004475902259629,0.0
125.03269934532716,6.732802248443754,2,0.500578936546438,0.0
49.279185316412295,1.837564603418191,1,0.0589401886932623,0.0
42.02223133411375,7.572747924409633,1,0.1958725048835413,0.0
61.35680073494436,11.479580615021662,1,0.8725808704046144,0.0
64.54384770115674,7.110178263267995,1,0.9985612409743008,0.0
60.31228509524312,5.081111487722497,2,0.8424408533718666,0.0
36.40646732978282,5.692175130483033,2,0.1644843202275913,0.0
78.8760194303481,2.341953805500567,1,0.8038890366662108,0.0
50.51647727789626,5.760058134670901,1,0.5819691893112379,0.0
80.20940333364119,1.906964021454816,1,0.9948420345429304,0.0
77.33123723028255,5.335333604901436,1,0.2824518866017588,0.0
24.02289541332281,4.03906264671321,1,0.901054160049732,0.0
29.91373746138312,2.7114031711814737,1,0.0161443619646516,0.0
29.51533724379157,6.946007426676893,1,0.2219817421092476,0.0
54.54155121182685,0.7359688795027548,1,0.904326725659339,0.0
50.64228245001597,5.084649676237568,2,0.5098987108635635,0.0
54.95150479067979,1.2305077628590344,2,0.2084307679450512,0.0
33.34578381234339,10.697832821875435,2,0.6999304023746258,0.0
58.14294731830811,11.13298648613424,1,0.3183931156556606,0.0
77.70209219536518,7.747475050006493,1,0.589163095201402,0.0
22.9281057070852,10.900220782828928,2,0.4156423357712343,0.0
45.72409512704867,6.987454179615887,1,0.0804423228665887,0.0
54.620115090065184,6.8346358190269125,1,0.0639452407496375,0.0
47.058988428392894,3.930434247975742,1,0.9134199436822962,0.0
45.7174511048221,2.5192805481757423,2,0.8685949990490613,0.0
85.04527969090542,5.588666264950163,2,0.4580567283612882,0.0
75.34135009569609,3.598045641755057,2,0.2402191191679729,0.0
66.66789886652305,3.890144017342404,2,0.1331714742981344,0.0
34.456008732170815,7.390642902775852,2,0.9575853826117988,0.0
94.51213439943706,4.819786973447688,1,0.5403821544940877,0.0
56.91805325444773,0.5191440693291662,2,0.0077069788216748,0.0
38.140481143186776,4.550558272220888,1,0.6256191561345337,0.0
42.95245437062328,2.908498358372412,1,0.7575658146244825,0.0
39.91342761684597,4.313655089863578,1,0.3039540231419534,0.0
92.13073287922666,1.9031987340023613,1,0.9799665572099168,0.0
53.82373951353485,8.796353127296744,1,0.058976470767368,0.0
50.98639365885491,10.903955881227551,1,0.1117238983214603,0.0
6.667756813635073,1.859822601086509,1,0.603831803552466,0.0
64.47620504554529,7.139963685376052,2,0.4624899048622172,0.0
28.570080858296187,6.987581702856751,2,0.3695936464390237,0.0
27.14086732507208,1.9697040264716947,1,0.6963669060780433,0.0
61.99115395928018,5.49590450641576,2,0.928911149355404,0.0
32.471829656270614,9.425369654311526,3,0.8603804184889041,1.0
66.45669901011841,7.731729509572094,2,0.7266129329024038,0.0
72.17786175896991,10.047004467331751,1,0.2893298787520199,0.0
13.95210159018248,1.6760710040216802,3,0.3035754278572405,1.0
47.017799302634046,2.945276498214331,1,0.1781486816960641,0.0
18.26364062177683,6.056624677257625,1,0.8756895613363475,0.0
48.501320343704855,6.243049431650918,2,0.6768213378604695,0.0
67.98395957012451,5.250384368845674,2,0.5757831895041652,0.0
22.46345268189551,4.013539245728452,1,0.0701672526727372,0.0
85.78319621477819,3.9399498023254056,1,0.8484925448291497,0.0
43.50717722241274,3.345514132959672,1,0.1448534997231394,0.0
26.04864399920714,6.518867460538735,1,0.5095451291667785,0.0
47.21365296038293,0.0,1,0.9355100792268508,0.0
65.53549455449806,9.96000955923336,1,0.3574547742171649,0.0
22.141334079440725,3.574853942027305,1,0.4576486448906808,0.0
49.71468077703412,0.8642211449688944,2,0.9447030141551648,0.0
22.203750074544413,6.786240825988656,2,0.2973425907157143,0.0
73.75092343049002,0.9343347917111372,1,0.4522681555553598,0.0
52.75745785665288,6.305693382773806,1,0.381264433246623,0.0
41.14630291373206,3.939166924384545,1,0.407176822363004,0.0
70.34972948762149,6.913529376409256,1,0.4311905702831072,0.0
23.867774808043407,7.506458431227469,1,0.9909251799832076,0.0
41.76626412788505,9.019419998663654,1,0.8054271184567908,0.0
86.5503713401621,3.646104715582824,2,0.0408023291092698,0.0
47.13867239071863,4.255783592220918,2,0.6091725876977999,0.0
76.75121861714828,5.08959051583227,1,0.0117547122692966,0.0
53.51471900642933,0.8796771726490338,2,0.0783087638927918,0.0
35.60750076630534,6.900880741030344,2,0.5831792867219203,0.0
44.67557257771846,5.50612498721932,1,0.6205908503134709,0.0
51.138680831327854,1.0960324715765846,3,0.1705372380655809,0.0
41.39972568714192,8.747483211747646,1,0.4032293846380065,0.0
33.10596540479521,9.212499903185922,1,0.360509845853903,0.0
33.952166438057,1.162172792813303,1,0.7038513879430254,0.0
19.91064126472608,6.82859025045734,3,0.4198563038021821,1.0
51.78206539877707,8.863005250087857,3,0.3845682407265546,1.0
57.44161689809681,7.629475179289514,2,0.8254942886658027,0.0
64.54599804097451,2.165023620212632,1,0.6685329114974272,0.0
13.44827508538134,0.9143236974569868,1,0.1107462968168769,0.0
65.67735443058837,4.7579892290397305,2,0.5398995705201489,0.0
49.21787854482989,3.614311883249266,2,0.2246724106827123,0.0
20.98768096265509,5.077118175210875,2,0.2698871709329439,0.0
51.51670224896212,4.790664584928864,1,0.6128847196823363,0.0
65.85189622326159,6.680017992938905,1,0.8651806171917678,0.0
60.0084146236501,3.4142949875266675,1,0.3588239467283936,0.0
64.06654475264693,4.608981391526467,1,0.5217412887033186,0.0
68.46668870213094,13.99719069349896,2,0.0780990026556265,0.0
67.47914509719898,4.701705730881389,3,0.7741300326825525,1.0
48.85099902301839,7.298820472395793,3,0.1734021894217381,0.0
7.91538783010904,5.952680650904904,2,0.3985102239098461,0.0
34.37536855153707,5.739464254941856,1,0.2744210850174291,0.0
56.691922767638566,2.347594984109664,1,0.5193636535366862,0.0
40.18254357251094,6.662863550101951,3,0.2995704625754152,1.0
63.2876441661788,4.925323629754968,1,0.4683101527284676,0.0
65.53636209966845,7.531016202626902,1,0.4409953107360257,0.0
50.54711222658315,11.230741483354162,1,0.6131035871577232,0.0
87.18374204736227,5.629596822361618,1,0.6889362944750851,0.0
30.08934116897048,7.358910387038965,2,0.5315913557048402,0.0
68.22116665187652,2.003075939832416,1,0.7426015513347075,0.0
40.14827993093471,5.423255890170156,2,0.89760034510713,0.0
33.99067371777766,9.726147802863892,3,0.4578206884284567,1.0
61.3763053985003,4.891165150524741,1,0.0327799627638567,0.0
37.28772461296063,3.159152475564075,3,0.7668989494699516,1.0
66.78577963432231,5.688812964858624,2,0.4590148296163564,0.0
26.27412625563554,4.514946176557727,1,0.7825713013777795,0.0
50.31167868111796,4.346705400349818,1,0.8535599729288764,0.0
32.74140155392976,3.950040228383078,3,0.0768661860969489,0.0
44.91043880767571,11.027497607393364,2,0.3981452439674036,0.0
42.17177316699991,2.454145430409,2,0.7405724890116195,0.0
27.040612377933005,3.828076269941005,2,0.451693757665647,0.0
62.72559332603594,3.355278906813161,3,0.4513610953619369,1.0
24.71512917598387,8.786334500254577,1,0.4785476144524054,0.0
30.018208660881484,4.229077595939845,2,0.9884437030222668,0.0
67.45502337324511,8.978377849232203,2,0.2399492332747925,0.0
69.09480702015598,5.564660021098754,1,0.1631818548705969,0.0
62.988905506815584,4.994763535010928,1,0.7673370133500969,0.0
56.44081181951317,0.6823621772308028,1,0.8394313855581875,0.0
95.20545067214518,8.698494175290124,3,0.0456307130379749,0.0
25.451891750763707,6.68700250019155,2,0.6133129324395125,0.0
34.78023637320263,6.27901437106456,2,0.8572995983522452,0.0
29.77445091947133,4.711470914433144,1,0.7181674555528159,0.0
67.62917664897552,3.813593917805559,2,0.1473417427558361,0.0
55.42019893848414,1.2593368488416994,1,0.1679588803086876,0.0
71.879718653433,7.900790538361415,2,0.4458328913533708,0.0
69.1152466450635,5.870359207954471,1,0.3733582963325904,0.0
45.16750084440408,3.9861734479471584,1,0.1682323792248768,0.0
33.292066630453874,3.172465335852272,2,0.5188531758251657,0.0
29.831000693897387,5.411700932687001,2,0.1897948285479452,0.0
93.91347423252846,4.7910152291227694,3,0.0767443040575475,0.0
69.03646694015542,9.992329721525651,3,0.490228514256099,1.0
61.55064018380675,7.385548651500864,2,0.9394881155284912,0.0
42.913391159594944,3.2758175951488915,1,0.1529961204234934,0.0
45.73203658476751,1.747415898425814,1,0.1987775029263786,0.0
42.81815728473545,4.356628325497546,2,0.5108366387648576,0.0
43.22430342884142,2.3298631317398577,2,0.9481088718036756,0.0
1.6300126279697338,5.293226204199822,1,0.4515361091385279,0.0
48.47601166737406,6.2781698828703245,1,0.2108011008155037,0.0
42.05732666531753,6.975906665126551,3,0.5748792763458139,1.0
55.49912646534237,6.317280914095268,3,0.3227719804758109,1.0
29.21,1.53,5,0.43,0.0
27.2,1.2,3,0.56,1.0
34.24,1.55,3,0.25,0.0
25.61,2.73,2,0.32,0.0
27.55,4.81,2,0.36,0.0
29.83,4.89,2,0.22,0.0
25.11,3.73,5,0.89,1.0
33.4,5.64,4,0.25,0.0
26.39,8.31,1,0.95,0.0
23.98,5.11,3,0.94,1.0
34.25,6.56,2,0.44,0.0
33.83,1.75,5,0.08,0.0
25.56,5.63,4,0.48,1.0
25.22,2.53,1,0.3,0.0
32.44,9.61,5,0.79,1.0
27.88,5.99,4,0.55,1.0
31.54,4.24,1,0.84,0.0
24.26,1.22,1,0.51,0.0
32.64,3.78,3,0.03,0.0
31.61,1.32,4,0.44,0.0
27.55,6.71,2,0.34,0.0
25.62,8.63,3,0.15,0.0
26.89,8.39,5,0.07,0.0
32.47,3.42,2,0.1,0.0
22.42,1.66,2,0.35,0.0
29.53,6.95,1,0.96,0.0
27.84,7.19,2,0.45,0.0
32.35,2.27,5,0.38,0.0
32.81,1.68,2,0.78,0.0
22.62,9.63,4,0.62,1.0
34.54,9.61,1,0.07,0.0
31.75,2.69,2,0.77,0.0
20.35,6.15,2,0.27,0.0
34.05,7.16,1,0.48,0.0
88.53,8.21,1,0.44,0.0
80.52,5.48,4,0.69,0.0
32.47,4.58,3,0.15,0.0
33.4,2.75,2,0.49,0.0
37.29,9.9,1,0.13,0.0
22.77,5.89,4,0.76,0.0
55.25,8.12,1,0.79,0.0
50.57,7.46,2,0.8,0.0
61.52,3.57,1,0.09,0.0
72.63,8.88,2,0.85,0.0
58.45,7.25,3,0.74,0.0
55.56,7.63,1,0.27,0.0
20.21,5.03,4,0.19,0.0
52.31,9.54,2,0.16,0.0
81.29,7.15,2,0.87,0.0
54.12,3.84,5,0.74,0.0
27.22,2.3,5,0.81,0.0
89.78,9.32,1,0.72,0.0
28.25,8.21,4,0.29,0.0
45.85,2.18,1,0.18,0.0
84.4,5.73,2,0.88,0.0
69.05,2.03,4,0.77,0.0
97.92,2.65,2,0.82,0.0
75.77,2.73,1,0.16,0.0
34.73,2.8,5,0.03,0.0
59.51,9.98,2,0.65,0.0
85.51,1.58,4,0.68,0.0
20.22,9.0,4,0.18,0.0
29.62,1.64,4,0.69,0.0
66.32,6.3,2,0.07,0.0
51.24,8.37,3,0.75,0.0
32.88,6.65,4,0.36,0.0
81.24,4.79,3,0.54,0.0
67.32,3.14,2,0.33,0.0
36.87,1.3,4,0.08,0.0
93.43,9.34,5,0.04,0.0
82.63,6.96,4,0.03,0.0
87.51,2.73,3,0.69,0.0
98.26,7.62,4,0.61,0.0
53.66,2.3,2,0.04,0.0
73.86,4.21,4,0.26,0.0
22.86,7.05,3,0.23,0.0
62.36,1.39,3,0.61,0.0
30.01,3.58,5,0.08,0.0
58.77,9.76,1,0.21,0.0
83.88,8.51,3,0.25,0.0
88.29,2.32,5,0.74,0.0
26.84,6.65,4,0.18,0.0
87.23,9.11,5,0.73,0.0
98.74,7.37,5,0.6,0.0
66.47,6.29,2,0.75,0.0
79.2,8.54,5,0.83,0.0
74.78,7.43,2,0.86,0.0
32.07,4.13,4,0.39,0.0
94.49,2.93,2,0.08,
